{
  "title": "DND5E正體中文職業包",
  "description": "<p>包含了職業表和按環分類的法術包，方便車卡，包含部分UA規則，DM可以根據需要進行修改。</p>Bug回報可到https://support.hktrpg.com<p><b>注意：需要搭配 FVTT v11 與 DND5e v3.0.0以上版本使用</b></p>",
  "version": "1.0.1",
  "authors": [
    {
      "name": "classpack社區",
      "url": "https://github.com/HJSmile/classpack"
    }, {
      "name": "HKTRPG",
      "url": "https://support.hktrpg.com"
    }
    
  ],
  "packs": [
    {
      "name": "rtable",
      "label": "隨機表",
      "path": "packs/rtable",
      "type": "RollTable",
      "system": "dnd5e",
      "ownership": {
        "PLAYER": "OBSERVER",
        "ASSISTANT": "OWNER"
      }
    },
    {
      "name": "moditems",
      "label": "模組物品",
      "path": "packs/moditems",
      "type": "Item",
      "system": "dnd5e",
      "ownership": {
        "PLAYER": "OBSERVER",
        "ASSISTANT": "OWNER"
      }
    },
    {
      "name": "loots",
      "label": "DMG寶石與藝術品",
      "path": "packs/loots",
      "type": "Item",
      "system": "dnd5e",
      "ownership": {
        "PLAYER": "OBSERVER",
        "ASSISTANT": "OWNER"
      }
    },
    {
      "name": "extra-ability",
      "label": "擴展職業特性",
      "path": "packs/extra-ability",
      "type": "Item",
      "system": "dnd5e",
      "ownership": {
        "PLAYER": "OBSERVER",
        "ASSISTANT": "OWNER"
      }
    },
    {
      "name": "class-table",
      "label": "職業表",
      "path": "packs/class-table",
      "type": "JournalEntry",
      "system": "dnd5e",
      "ownership": {
        "PLAYER": "OBSERVER",
        "ASSISTANT": "OWNER"
      }
    },
    {
      "name": "classes-new",
      "label": "職業列表",
      "path": "packs/classes-new",
      "type": "Item",
      "system": "dnd5e",
      "ownership": {
        "PLAYER": "OBSERVER",
        "ASSISTANT": "OWNER"
      }
    },
    {
      "name": "class-abilityphb",
      "label": "PHB職業特性",
      "path": "packs/class-abilityphb",
      "type": "Item",
      "system": "dnd5e",
      "ownership": {
        "PLAYER": "OBSERVER",
        "ASSISTANT": "OWNER"
      }
    },
    {
      "name": "new-icon",
      "label": "法術",
      "path": "packs/new-icon",
      "type": "Item",
      "system": "dnd5e",
      "ownership": {
        "PLAYER": "OBSERVER",
        "ASSISTANT": "OWNER"
      }
    },
    {
      "name": "racial-traits",
      "label": "種族特性",
      "path": "packs/racial-traits",
      "type": "Item",
      "system": "dnd5e",
      "ownership": {
        "PLAYER": "OBSERVER",
        "ASSISTANT": "OWNER"
      }
    },
    {
      "name": "races",
      "label": "種族",
      "path": "packs/races",
      "type": "JournalEntry",
      "system": "dnd5e",
      "ownership": {
        "PLAYER": "OBSERVER",
        "ASSISTANT": "OWNER"
      }
    },
    {
      "name": "itempack",
      "label": "DMG與PHB物品",
      "path": "packs/itempack",
      "type": "Item",
      "system": "dnd5e",
      "ownership": {
        "PLAYER": "OBSERVER",
        "ASSISTANT": "OWNER"
      }
    },
    {
      "name": "spell-table",
      "label": "法術表",
      "path": "packs/spell-table",
      "type": "JournalEntry",
      "system": "dnd5e",
      "ownership": {
        "PLAYER": "OBSERVER",
        "ASSISTANT": "OWNER"
      }
    },
    {
      "name": "feats-all",
      "label": "專長",
      "path": "packs/feats-all",
      "type": "Item",
      "system": "dnd5e",
      "ownership": {
        "PLAYER": "OBSERVER",
        "ASSISTANT": "OWNER"
      }
    },
    {
      "name": "subclass",
      "label": "子職列表",
      "path": "packs/subclass",
      "type": "Item",
      "system": "dnd5e",
      "ownership": {
        "PLAYER": "OBSERVER",
        "ASSISTANT": "OWNER"
      }
    },
    {
      "name": "BackgroundList",
      "label": "背景列表",
      "path": "packs/BackgroundList",
      "type": "Item",
      "system": "dnd5e",
      "ownership": {
        "PLAYER": "OBSERVER",
        "ASSISTANT": "OWNER"
      }
    },
    {
      "name": "BackgroundFeature",
      "label": "背景特性",
      "path": "packs/BackgroundFeature",
      "type": "Item",
      "system": "dnd5e",
      "ownership": {
        "PLAYER": "OBSERVER",
        "ASSISTANT": "OWNER"
      }
    },
    {
      "name": "monsterspack",
      "label": "怪物（SRD）",
      "path": "packs/monsterspack",
      "type": "Actor",
      "system": "dnd5e",
      "ownership": {
        "PLAYER": "OBSERVER",
        "ASSISTANT": "OWNER"
      }
    },
    {
      "name": "races-item",
      "label": "種族",
      "path": "packs/races-item",
      "type": "Item",
      "ownership": {
        "PLAYER": "OBSERVER",
        "ASSISTANT": "OWNER"
      },
      "system": "dnd5e"
    }
  ],
  "url": "https://github.com/hktrpg/fvtt-5e-classpack-zh-tw",
  "compatibility": {
    "minimum": "11",
    "verified": "12",
    "maximum": "12"
  },
  "manifest": "https://raw.githubusercontent.com/hktrpg/fvtt-5e-classpack-zh-tw/master/dnd5e_classpack/module.json",
  "download": "https://github.com/hktrpg/fvtt-5e-classpack-zh-tw/releases/latest/download/dnd5e_classpack.zip",
  "id": "dnd5e_classpack",
  "relationships": {
    "systems": [
      {
        "id": "dnd5e",
        "type": "system",
        "compatibility": {}
      }
    ],
    "recommends": [
      {
        "id": "dnd5e_DMTools-zh-tw",
        "type": "module",
        "manifest": "https://raw.githubusercontent.com/hktrpg/fvtt-5e-DMTools-zh-tw/main/module.json",
        "compatibility": {}
      }
    ]
  }
}
